seed,class_id,class_name,expert,class_activation_rate
42,0,Tomato Early blight leaf,0,0.15000000596046448
42,0,Tomato Early blight leaf,1,0.05000000074505806
42,0,Tomato Early blight leaf,2,0.8999999761581421
42,0,Tomato Early blight leaf,3,0.8999999761581421
42,1,Tomato Septoria leaf spot,0,0.0714285746216774
42,1,Tomato Septoria leaf spot,1,0.2380952388048172
42,1,Tomato Septoria leaf spot,2,0.738095223903656
42,1,Tomato Septoria leaf spot,3,0.9523809552192688
42,2,Tomato leaf,0,0.2750000059604645
42,2,Tomato leaf,1,0.949999988079071
42,2,Tomato leaf,2,0.15000000596046448
42,2,Tomato leaf,3,0.625
42,3,Tomato leaf bacterial spot,0,0.18518517911434174
42,3,Tomato leaf bacterial spot,1,0.37037035822868347
42,3,Tomato leaf bacterial spot,2,0.5185185074806213
42,3,Tomato leaf bacterial spot,3,0.9259259104728699
42,4,Tomato leaf late blight,0,0.1818181872367859
42,4,Tomato leaf late blight,1,0.9545454382896423
42,4,Tomato leaf late blight,2,0.6363636255264282
42,4,Tomato leaf late blight,3,0.22727273404598236
42,5,Tomato leaf mosaic virus,0,1.0
42,5,Tomato leaf mosaic virus,1,0.42307692766189575
42,5,Tomato leaf mosaic virus,2,0.23076923191547394
42,5,Tomato leaf mosaic virus,3,0.3461538553237915
42,6,Tomato leaf yellow virus,0,0.9873417615890503
42,6,Tomato leaf yellow virus,1,0.39240506291389465
42,6,Tomato leaf yellow virus,2,0.29113924503326416
42,6,Tomato leaf yellow virus,3,0.3291139304637909
42,7,Tomato mold leaf,0,0.5517241358757019
42,7,Tomato mold leaf,1,0.6896551847457886
42,7,Tomato mold leaf,2,0.5862069129943848
42,7,Tomato mold leaf,3,0.17241379618644714
43,0,Tomato Early blight leaf,0,1.0
43,0,Tomato Early blight leaf,1,0.550000011920929
43,0,Tomato Early blight leaf,2,0.05000000074505806
43,0,Tomato Early blight leaf,3,0.4000000059604645
43,1,Tomato Septoria leaf spot,0,0.976190447807312
43,1,Tomato Septoria leaf spot,1,0.6190476417541504
43,1,Tomato Septoria leaf spot,2,0.02380952425301075
43,1,Tomato Septoria leaf spot,3,0.380952388048172
43,2,Tomato leaf,0,0.574999988079071
43,2,Tomato leaf,1,0.8500000238418579
43,2,Tomato leaf,2,0.42500001192092896
43,2,Tomato leaf,3,0.15000000596046448
43,3,Tomato leaf bacterial spot,0,0.8888888955116272
43,3,Tomato leaf bacterial spot,1,0.4444444477558136
43,3,Tomato leaf bacterial spot,2,0.14814814925193787
43,3,Tomato leaf bacterial spot,3,0.5185185074806213
43,4,Tomato leaf late blight,0,0.8181818127632141
43,4,Tomato leaf late blight,1,0.6363636255264282
43,4,Tomato leaf late blight,2,0.1818181872367859
43,4,Tomato leaf late blight,3,0.3636363744735718
43,5,Tomato leaf mosaic virus,0,0.07692307978868484
43,5,Tomato leaf mosaic virus,1,0.5384615659713745
43,5,Tomato leaf mosaic virus,2,0.9615384340286255
43,5,Tomato leaf mosaic virus,3,0.42307692766189575
43,6,Tomato leaf yellow virus,0,0.025316456332802773
43,6,Tomato leaf yellow virus,1,0.26582279801368713
43,6,Tomato leaf yellow virus,2,0.9873417615890503
43,6,Tomato leaf yellow virus,3,0.7215189933776855
43,7,Tomato mold leaf,0,0.6551724076271057
43,7,Tomato mold leaf,1,0.48275861144065857
43,7,Tomato mold leaf,2,0.27586206793785095
43,7,Tomato mold leaf,3,0.5862069129943848
44,0,Tomato Early blight leaf,0,0.05000000074505806
44,0,Tomato Early blight leaf,1,1.0
44,0,Tomato Early blight leaf,2,0.10000000149011612
44,0,Tomato Early blight leaf,3,0.8500000238418579
44,1,Tomato Septoria leaf spot,0,0.02380952425301075
44,1,Tomato Septoria leaf spot,1,0.4761904776096344
44,1,Tomato Septoria leaf spot,2,0.5
44,1,Tomato Septoria leaf spot,3,1.0
44,2,Tomato leaf,0,0.20000000298023224
44,2,Tomato leaf,1,0.4749999940395355
44,2,Tomato leaf,2,0.5
44,2,Tomato leaf,3,0.824999988079071
44,3,Tomato leaf bacterial spot,0,0.25925925374031067
44,3,Tomato leaf bacterial spot,1,0.6666666865348816
44,3,Tomato leaf bacterial spot,2,0.25925925374031067
44,3,Tomato leaf bacterial spot,3,0.8148148059844971
44,4,Tomato leaf late blight,0,0.04545454680919647
44,4,Tomato leaf late blight,1,1.0
44,4,Tomato leaf late blight,2,0.5
44,4,Tomato leaf late blight,3,0.4545454680919647
44,5,Tomato leaf mosaic virus,0,0.9615384340286255
44,5,Tomato leaf mosaic virus,1,0.7692307829856873
44,5,Tomato leaf mosaic virus,2,0.23076923191547394
44,5,Tomato leaf mosaic virus,3,0.03846153989434242
44,6,Tomato leaf yellow virus,0,0.7088607549667358
44,6,Tomato leaf yellow virus,1,0.2405063360929489
44,6,Tomato leaf yellow virus,2,0.949367105960846
44,6,Tomato leaf yellow virus,3,0.10126582533121109
44,7,Tomato mold leaf,0,0.7931034564971924
44,7,Tomato mold leaf,1,0.8965517282485962
44,7,Tomato mold leaf,2,0.17241379618644714
44,7,Tomato mold leaf,3,0.13793103396892548
45,0,Tomato Early blight leaf,0,0.3499999940395355
45,0,Tomato Early blight leaf,1,0.25
45,0,Tomato Early blight leaf,2,0.5
45,0,Tomato Early blight leaf,3,0.8999999761581421
45,1,Tomato Septoria leaf spot,0,0.02380952425301075
45,1,Tomato Septoria leaf spot,1,0.5714285969734192
45,1,Tomato Septoria leaf spot,2,0.4285714328289032
45,1,Tomato Septoria leaf spot,3,0.976190447807312
45,2,Tomato leaf,0,0.3499999940395355
45,2,Tomato leaf,1,0.0
45,2,Tomato leaf,2,1.0
45,2,Tomato leaf,3,0.6499999761581421
45,3,Tomato leaf bacterial spot,0,0.14814814925193787
45,3,Tomato leaf bacterial spot,1,0.5555555820465088
45,3,Tomato leaf bacterial spot,2,0.4444444477558136
45,3,Tomato leaf bacterial spot,3,0.8518518805503845
45,4,Tomato leaf late blight,0,0.09090909361839294
45,4,Tomato leaf late blight,1,0.3636363744735718
45,4,Tomato leaf late blight,2,0.9090909361839294
45,4,Tomato leaf late blight,3,0.6363636255264282
45,5,Tomato leaf mosaic virus,0,0.8846153616905212
45,5,Tomato leaf mosaic virus,1,0.23076923191547394
45,5,Tomato leaf mosaic virus,2,0.7692307829856873
45,5,Tomato leaf mosaic virus,3,0.11538461595773697
45,6,Tomato leaf yellow virus,0,0.7848101258277893
45,6,Tomato leaf yellow virus,1,0.8734177350997925
45,6,Tomato leaf yellow virus,2,0.2151898741722107
45,6,Tomato leaf yellow virus,3,0.1265822798013687
45,7,Tomato mold leaf,0,0.517241358757019
45,7,Tomato mold leaf,1,0.4137931168079376
45,7,Tomato mold leaf,2,0.5862069129943848
45,7,Tomato mold leaf,3,0.48275861144065857
46,0,Tomato Early blight leaf,0,0.75
46,0,Tomato Early blight leaf,1,0.20000000298023224
46,0,Tomato Early blight leaf,2,0.10000000149011612
46,0,Tomato Early blight leaf,3,0.949999988079071
46,1,Tomato Septoria leaf spot,0,0.6666666865348816
46,1,Tomato Septoria leaf spot,1,0.1428571492433548
46,1,Tomato Septoria leaf spot,2,0.8333333134651184
46,1,Tomato Septoria leaf spot,3,0.3571428656578064
46,2,Tomato leaf,0,0.824999988079071
46,2,Tomato leaf,1,0.2750000059604645
46,2,Tomato leaf,2,0.02500000037252903
46,2,Tomato leaf,3,0.875
46,3,Tomato leaf bacterial spot,0,0.5185185074806213
46,3,Tomato leaf bacterial spot,1,0.7037037014961243
46,3,Tomato leaf bacterial spot,2,0.2222222238779068
46,3,Tomato leaf bacterial spot,3,0.5555555820465088
46,4,Tomato leaf late blight,0,0.8636363744735718
46,4,Tomato leaf late blight,1,0.1818181872367859
46,4,Tomato leaf late blight,2,0.0
46,4,Tomato leaf late blight,3,0.9545454382896423
46,5,Tomato leaf mosaic virus,0,0.5
46,5,Tomato leaf mosaic virus,1,0.9230769276618958
46,5,Tomato leaf mosaic virus,2,0.3461538553237915
46,5,Tomato leaf mosaic virus,3,0.23076923191547394
46,6,Tomato leaf yellow virus,0,0.2278480976819992
46,6,Tomato leaf yellow virus,1,0.6329113841056824
46,6,Tomato leaf yellow virus,2,0.9746835231781006
46,6,Tomato leaf yellow virus,3,0.16455696523189545
46,7,Tomato mold leaf,0,0.4137931168079376
46,7,Tomato mold leaf,1,0.6551724076271057
46,7,Tomato mold leaf,2,0.4482758641242981
46,7,Tomato mold leaf,3,0.48275861144065857
