seed,permutation,learned_accuracy,learned_macro_f1,shuffled_accuracy,shuffled_macro_f1
42,0,0.856140350877193,0.8364899347527317,0.8315789473684211,0.8000953613359628
42,1,0.856140350877193,0.8364899347527317,0.8421052631578947,0.8183081824863488
42,2,0.856140350877193,0.8364899347527317,0.8245614035087719,0.7985358123686552
42,3,0.856140350877193,0.8364899347527317,0.8140350877192982,0.7723373375843188
42,4,0.856140350877193,0.8364899347527317,0.8385964912280702,0.811435268309649
42,5,0.856140350877193,0.8364899347527317,0.8280701754385965,0.7981096353107093
42,6,0.856140350877193,0.8364899347527317,0.8526315789473684,0.8251031494133697
42,7,0.856140350877193,0.8364899347527317,0.8350877192982457,0.7963049202422693
42,8,0.856140350877193,0.8364899347527317,0.8315789473684211,0.7971758260720556
42,9,0.856140350877193,0.8364899347527317,0.8280701754385965,0.7965037338843883
42,10,0.856140350877193,0.8364899347527317,0.8210526315789474,0.7791867144330131
42,11,0.856140350877193,0.8364899347527317,0.8245614035087719,0.7927612503526931
42,12,0.856140350877193,0.8364899347527317,0.8456140350877193,0.812900398350592
42,13,0.856140350877193,0.8364899347527317,0.8210526315789474,0.7855571607552049
42,14,0.856140350877193,0.8364899347527317,0.8210526315789474,0.790671796954922
42,15,0.856140350877193,0.8364899347527317,0.8210526315789474,0.7890674857338756
42,16,0.856140350877193,0.8364899347527317,0.8280701754385965,0.7963745385593887
42,17,0.856140350877193,0.8364899347527317,0.8315789473684211,0.8036439217312135
42,18,0.856140350877193,0.8364899347527317,0.8280701754385965,0.7972919011341972
42,19,0.856140350877193,0.8364899347527317,0.8140350877192982,0.7778807542406257
42,20,0.856140350877193,0.8364899347527317,0.8350877192982457,0.8054035028043605
42,21,0.856140350877193,0.8364899347527317,0.8456140350877193,0.8140667124674869
42,22,0.856140350877193,0.8364899347527317,0.8456140350877193,0.8202512996818905
42,23,0.856140350877193,0.8364899347527317,0.8421052631578947,0.8138823049390177
42,24,0.856140350877193,0.8364899347527317,0.8070175438596491,0.7690673424354031
42,25,0.856140350877193,0.8364899347527317,0.8315789473684211,0.800221296359667
42,26,0.856140350877193,0.8364899347527317,0.8175438596491228,0.7760843489976441
42,27,0.856140350877193,0.8364899347527317,0.8385964912280702,0.804530882801974
42,28,0.856140350877193,0.8364899347527317,0.8385964912280702,0.8112540790763454
42,29,0.856140350877193,0.8364899347527317,0.8280701754385965,0.7943428965050829
42,30,0.856140350877193,0.8364899347527317,0.8210526315789474,0.7917526589452403
42,31,0.856140350877193,0.8364899347527317,0.8421052631578947,0.8189838405788452
42,32,0.856140350877193,0.8364899347527317,0.8245614035087719,0.7913331501898277
42,33,0.856140350877193,0.8364899347527317,0.8280701754385965,0.7996465060483231
42,34,0.856140350877193,0.8364899347527317,0.8245614035087719,0.7861575430281391
42,35,0.856140350877193,0.8364899347527317,0.8315789473684211,0.7991690450846678
42,36,0.856140350877193,0.8364899347527317,0.8350877192982457,0.8070928667047037
42,37,0.856140350877193,0.8364899347527317,0.8350877192982457,0.8014686567624247
42,38,0.856140350877193,0.8364899347527317,0.8280701754385965,0.786647940440081
42,39,0.856140350877193,0.8364899347527317,0.8315789473684211,0.7911615159984118
42,40,0.856140350877193,0.8364899347527317,0.8315789473684211,0.8025127453604666
42,41,0.856140350877193,0.8364899347527317,0.8280701754385965,0.7956724933306081
42,42,0.856140350877193,0.8364899347527317,0.8315789473684211,0.7951244795759945
42,43,0.856140350877193,0.8364899347527317,0.8350877192982457,0.810234869358438
42,44,0.856140350877193,0.8364899347527317,0.8140350877192982,0.769566777128147
42,45,0.856140350877193,0.8364899347527317,0.8315789473684211,0.7994966859750086
42,46,0.856140350877193,0.8364899347527317,0.8175438596491228,0.7925651474753956
42,47,0.856140350877193,0.8364899347527317,0.8526315789473684,0.827613051497963
42,48,0.856140350877193,0.8364899347527317,0.8140350877192982,0.7747724590812253
42,49,0.856140350877193,0.8364899347527317,0.8140350877192982,0.778375202039722
42,50,0.856140350877193,0.8364899347527317,0.8421052631578947,0.810693376742641
42,51,0.856140350877193,0.8364899347527317,0.8210526315789474,0.776784128763517
42,52,0.856140350877193,0.8364899347527317,0.8385964912280702,0.8009718281967921
42,53,0.856140350877193,0.8364899347527317,0.8315789473684211,0.798355178908164
42,54,0.856140350877193,0.8364899347527317,0.8421052631578947,0.8066402875868821
42,55,0.856140350877193,0.8364899347527317,0.8385964912280702,0.8103513618709133
42,56,0.856140350877193,0.8364899347527317,0.8491228070175438,0.8232232204203271
42,57,0.856140350877193,0.8364899347527317,0.8350877192982457,0.8073764842839648
42,58,0.856140350877193,0.8364899347527317,0.8385964912280702,0.8037018176336335
42,59,0.856140350877193,0.8364899347527317,0.8210526315789474,0.7867654947404857
42,60,0.856140350877193,0.8364899347527317,0.8280701754385965,0.7934349849633057
42,61,0.856140350877193,0.8364899347527317,0.8280701754385965,0.7880874757485187
42,62,0.856140350877193,0.8364899347527317,0.8350877192982457,0.8060802587228493
42,63,0.856140350877193,0.8364899347527317,0.8385964912280702,0.8116900147291515
42,64,0.856140350877193,0.8364899347527317,0.8350877192982457,0.8080273038101925
42,65,0.856140350877193,0.8364899347527317,0.8280701754385965,0.8012683525530931
42,66,0.856140350877193,0.8364899347527317,0.8245614035087719,0.792054863785842
42,67,0.856140350877193,0.8364899347527317,0.8350877192982457,0.8049572035270963
42,68,0.856140350877193,0.8364899347527317,0.8245614035087719,0.7868689115571886
42,69,0.856140350877193,0.8364899347527317,0.8245614035087719,0.7881892413336509
42,70,0.856140350877193,0.8364899347527317,0.8280701754385965,0.7960366300161759
42,71,0.856140350877193,0.8364899347527317,0.8350877192982457,0.7952062346763571
42,72,0.856140350877193,0.8364899347527317,0.8175438596491228,0.7891423646652002
42,73,0.856140350877193,0.8364899347527317,0.8421052631578947,0.8137672076203719
42,74,0.856140350877193,0.8364899347527317,0.8210526315789474,0.7839771531728328
42,75,0.856140350877193,0.8364899347527317,0.8350877192982457,0.8089555082187074
42,76,0.856140350877193,0.8364899347527317,0.8140350877192982,0.7757476367607876
42,77,0.856140350877193,0.8364899347527317,0.8315789473684211,0.7953199098520258
42,78,0.856140350877193,0.8364899347527317,0.8280701754385965,0.8051664774414196
42,79,0.856140350877193,0.8364899347527317,0.8280701754385965,0.8015904194457845
42,80,0.856140350877193,0.8364899347527317,0.8070175438596491,0.7598770482041335
42,81,0.856140350877193,0.8364899347527317,0.8315789473684211,0.7946521002342378
42,82,0.856140350877193,0.8364899347527317,0.8456140350877193,0.8161593402199951
42,83,0.856140350877193,0.8364899347527317,0.8175438596491228,0.7762639992000222
42,84,0.856140350877193,0.8364899347527317,0.8350877192982457,0.8040461300148058
42,85,0.856140350877193,0.8364899347527317,0.8350877192982457,0.8066978815937149
42,86,0.856140350877193,0.8364899347527317,0.8140350877192982,0.7747009535958722
42,87,0.856140350877193,0.8364899347527317,0.8245614035087719,0.7926188197500066
42,88,0.856140350877193,0.8364899347527317,0.8350877192982457,0.8095002583230377
42,89,0.856140350877193,0.8364899347527317,0.8280701754385965,0.7999270798531881
42,90,0.856140350877193,0.8364899347527317,0.8350877192982457,0.8080828240088815
42,91,0.856140350877193,0.8364899347527317,0.8140350877192982,0.7732339052763786
42,92,0.856140350877193,0.8364899347527317,0.8385964912280702,0.8105503429051557
42,93,0.856140350877193,0.8364899347527317,0.8245614035087719,0.7919490084106955
42,94,0.856140350877193,0.8364899347527317,0.8175438596491228,0.7813823150806236
42,95,0.856140350877193,0.8364899347527317,0.8140350877192982,0.7780874933296366
42,96,0.856140350877193,0.8364899347527317,0.8280701754385965,0.7922536351360301
42,97,0.856140350877193,0.8364899347527317,0.8245614035087719,0.7834290270424873
42,98,0.856140350877193,0.8364899347527317,0.8280701754385965,0.7911653411301962
42,99,0.856140350877193,0.8364899347527317,0.8421052631578947,0.8139581861225624
43,0,0.8771929824561403,0.8477187135591386,0.8385964912280702,0.8000134560323764
43,1,0.8771929824561403,0.8477187135591386,0.856140350877193,0.8245191708324058
43,2,0.8771929824561403,0.8477187135591386,0.8385964912280702,0.8072816325267306
43,3,0.8771929824561403,0.8477187135591386,0.8491228070175438,0.8175757107226658
43,4,0.8771929824561403,0.8477187135591386,0.8421052631578947,0.8122898487085958
43,5,0.8771929824561403,0.8477187135591386,0.8526315789473684,0.8137072870768522
43,6,0.8771929824561403,0.8477187135591386,0.8245614035087719,0.7893116460978256
43,7,0.8771929824561403,0.8477187135591386,0.8491228070175438,0.8171342754596984
43,8,0.8771929824561403,0.8477187135591386,0.8280701754385965,0.7873603683897801
43,9,0.8771929824561403,0.8477187135591386,0.8491228070175438,0.8107248094905328
43,10,0.8771929824561403,0.8477187135591386,0.856140350877193,0.8227473832431346
43,11,0.8771929824561403,0.8477187135591386,0.8245614035087719,0.7871144660599041
43,12,0.8771929824561403,0.8477187135591386,0.8421052631578947,0.8099099998682949
43,13,0.8771929824561403,0.8477187135591386,0.8385964912280702,0.8039795401501411
43,14,0.8771929824561403,0.8477187135591386,0.8280701754385965,0.7879277181995771
43,15,0.8771929824561403,0.8477187135591386,0.856140350877193,0.823161411987513
43,16,0.8771929824561403,0.8477187135591386,0.8350877192982457,0.8021158306883418
43,17,0.8771929824561403,0.8477187135591386,0.8315789473684211,0.793291233435953
43,18,0.8771929824561403,0.8477187135591386,0.8666666666666667,0.8356101972814104
43,19,0.8771929824561403,0.8477187135591386,0.8350877192982457,0.7963809537078821
43,20,0.8771929824561403,0.8477187135591386,0.8456140350877193,0.8145012285932097
43,21,0.8771929824561403,0.8477187135591386,0.8491228070175438,0.8159805126893734
43,22,0.8771929824561403,0.8477187135591386,0.8315789473684211,0.7976220821718284
43,23,0.8771929824561403,0.8477187135591386,0.8421052631578947,0.8112952380897964
43,24,0.8771929824561403,0.8477187135591386,0.8385964912280702,0.7990779813267925
43,25,0.8771929824561403,0.8477187135591386,0.8421052631578947,0.8079966850607905
43,26,0.8771929824561403,0.8477187135591386,0.8526315789473684,0.818110345093181
43,27,0.8771929824561403,0.8477187135591386,0.8350877192982457,0.7983153459801728
43,28,0.8771929824561403,0.8477187135591386,0.8315789473684211,0.7986992249659017
43,29,0.8771929824561403,0.8477187135591386,0.8421052631578947,0.8075588422501966
43,30,0.8771929824561403,0.8477187135591386,0.8666666666666667,0.8346293570388645
43,31,0.8771929824561403,0.8477187135591386,0.8280701754385965,0.7903470277854442
43,32,0.8771929824561403,0.8477187135591386,0.8280701754385965,0.7916455515188828
43,33,0.8771929824561403,0.8477187135591386,0.8315789473684211,0.7972407869616989
43,34,0.8771929824561403,0.8477187135591386,0.8421052631578947,0.8078314494841431
43,35,0.8771929824561403,0.8477187135591386,0.8456140350877193,0.8052390012279935
43,36,0.8771929824561403,0.8477187135591386,0.856140350877193,0.8162793610394102
43,37,0.8771929824561403,0.8477187135591386,0.8491228070175438,0.8201886392661495
43,38,0.8771929824561403,0.8477187135591386,0.8456140350877193,0.8108320562322533
43,39,0.8771929824561403,0.8477187135591386,0.8421052631578947,0.8107556859221676
43,40,0.8771929824561403,0.8477187135591386,0.8315789473684211,0.7962415076199467
43,41,0.8771929824561403,0.8477187135591386,0.8210526315789474,0.787816264857579
43,42,0.8771929824561403,0.8477187135591386,0.856140350877193,0.8249763407025746
43,43,0.8771929824561403,0.8477187135591386,0.8421052631578947,0.8086508457403963
43,44,0.8771929824561403,0.8477187135591386,0.8210526315789474,0.7856276883444231
43,45,0.8771929824561403,0.8477187135591386,0.8491228070175438,0.8206760359433798
43,46,0.8771929824561403,0.8477187135591386,0.8315789473684211,0.7979492089914777
43,47,0.8771929824561403,0.8477187135591386,0.8596491228070176,0.8287264066206482
43,48,0.8771929824561403,0.8477187135591386,0.8315789473684211,0.7983236366116071
43,49,0.8771929824561403,0.8477187135591386,0.8280701754385965,0.7950413133866691
43,50,0.8771929824561403,0.8477187135591386,0.8526315789473684,0.8127512751297554
43,51,0.8771929824561403,0.8477187135591386,0.8456140350877193,0.8106176414218291
43,52,0.8771929824561403,0.8477187135591386,0.8631578947368421,0.8303377652300032
43,53,0.8771929824561403,0.8477187135591386,0.8315789473684211,0.7920275463056691
43,54,0.8771929824561403,0.8477187135591386,0.8385964912280702,0.8024187328038324
43,55,0.8771929824561403,0.8477187135591386,0.8491228070175438,0.8213351471105825
43,56,0.8771929824561403,0.8477187135591386,0.8350877192982457,0.7982475110038687
43,57,0.8771929824561403,0.8477187135591386,0.8245614035087719,0.7843958123488612
43,58,0.8771929824561403,0.8477187135591386,0.8280701754385965,0.7957297249352171
43,59,0.8771929824561403,0.8477187135591386,0.856140350877193,0.8184951986427533
43,60,0.8771929824561403,0.8477187135591386,0.8491228070175438,0.8140792624898614
43,61,0.8771929824561403,0.8477187135591386,0.8280701754385965,0.7902955756989727
43,62,0.8771929824561403,0.8477187135591386,0.8280701754385965,0.796029122513937
43,63,0.8771929824561403,0.8477187135591386,0.8456140350877193,0.8101105539857447
43,64,0.8771929824561403,0.8477187135591386,0.856140350877193,0.8256632178779011
43,65,0.8771929824561403,0.8477187135591386,0.8456140350877193,0.8095545114893407
43,66,0.8771929824561403,0.8477187135591386,0.8456140350877193,0.8052411428826133
43,67,0.8771929824561403,0.8477187135591386,0.8350877192982457,0.8007824327292821
43,68,0.8771929824561403,0.8477187135591386,0.856140350877193,0.8304268193034601
43,69,0.8771929824561403,0.8477187135591386,0.8280701754385965,0.7904704332782888
43,70,0.8771929824561403,0.8477187135591386,0.8491228070175438,0.8118164934199325
43,71,0.8771929824561403,0.8477187135591386,0.8491228070175438,0.807176036074525
43,72,0.8771929824561403,0.8477187135591386,0.8175438596491228,0.7797107658396999
43,73,0.8771929824561403,0.8477187135591386,0.8631578947368421,0.8319104152886179
43,74,0.8771929824561403,0.8477187135591386,0.8421052631578947,0.8025345764537339
43,75,0.8771929824561403,0.8477187135591386,0.8421052631578947,0.8023426563356897
43,76,0.8771929824561403,0.8477187135591386,0.8526315789473684,0.8181040122876523
43,77,0.8771929824561403,0.8477187135591386,0.8315789473684211,0.7950433392978771
43,78,0.8771929824561403,0.8477187135591386,0.8385964912280702,0.8024170231191623
43,79,0.8771929824561403,0.8477187135591386,0.8210526315789474,0.7882374629793962
43,80,0.8771929824561403,0.8477187135591386,0.856140350877193,0.8250577106286048
43,81,0.8771929824561403,0.8477187135591386,0.8350877192982457,0.7948382380118132
43,82,0.8771929824561403,0.8477187135591386,0.8350877192982457,0.7999989363325297
43,83,0.8771929824561403,0.8477187135591386,0.8385964912280702,0.8063456594706595
43,84,0.8771929824561403,0.8477187135591386,0.8456140350877193,0.8056652239933133
43,85,0.8771929824561403,0.8477187135591386,0.8280701754385965,0.7920527598882667
43,86,0.8771929824561403,0.8477187135591386,0.8315789473684211,0.7937178080588239
43,87,0.8771929824561403,0.8477187135591386,0.8350877192982457,0.7990900693376713
43,88,0.8771929824561403,0.8477187135591386,0.8280701754385965,0.7867618717384439
43,89,0.8771929824561403,0.8477187135591386,0.8350877192982457,0.7956490661791294
43,90,0.8771929824561403,0.8477187135591386,0.8491228070175438,0.8148113186905769
43,91,0.8771929824561403,0.8477187135591386,0.856140350877193,0.8217285482501164
43,92,0.8771929824561403,0.8477187135591386,0.8456140350877193,0.8046992218517819
43,93,0.8771929824561403,0.8477187135591386,0.8456140350877193,0.8089225746065368
43,94,0.8771929824561403,0.8477187135591386,0.8421052631578947,0.809905826257536
43,95,0.8771929824561403,0.8477187135591386,0.8456140350877193,0.8153460846650211
43,96,0.8771929824561403,0.8477187135591386,0.8350877192982457,0.8019868741783298
43,97,0.8771929824561403,0.8477187135591386,0.8456140350877193,0.8118039861761616
43,98,0.8771929824561403,0.8477187135591386,0.8245614035087719,0.7861387325411715
43,99,0.8771929824561403,0.8477187135591386,0.8350877192982457,0.8001152898372362
44,0,0.8456140350877193,0.810924856752314,0.8035087719298246,0.7602141222717687
44,1,0.8456140350877193,0.810924856752314,0.8210526315789474,0.7775050927961953
44,2,0.8456140350877193,0.810924856752314,0.8175438596491228,0.7734591186170157
44,3,0.8456140350877193,0.810924856752314,0.8210526315789474,0.7840549261739409
44,4,0.8456140350877193,0.810924856752314,0.8140350877192982,0.7803158411786346
44,5,0.8456140350877193,0.810924856752314,0.8280701754385965,0.7928918618764731
44,6,0.8456140350877193,0.810924856752314,0.8140350877192982,0.7741811678232241
44,7,0.8456140350877193,0.810924856752314,0.8175438596491228,0.7770111490172875
44,8,0.8456140350877193,0.810924856752314,0.8210526315789474,0.7789661094338006
44,9,0.8456140350877193,0.810924856752314,0.8210526315789474,0.7839113939100943
44,10,0.8456140350877193,0.810924856752314,0.8105263157894737,0.7639840305531873
44,11,0.8456140350877193,0.810924856752314,0.8280701754385965,0.791936906046229
44,12,0.8456140350877193,0.810924856752314,0.8035087719298246,0.7624893842140071
44,13,0.8456140350877193,0.810924856752314,0.8035087719298246,0.7531509586310967
44,14,0.8456140350877193,0.810924856752314,0.8070175438596491,0.7703695051970914
44,15,0.8456140350877193,0.810924856752314,0.8385964912280702,0.8028480220611158
44,16,0.8456140350877193,0.810924856752314,0.8070175438596491,0.7636752374512472
44,17,0.8456140350877193,0.810924856752314,0.7964912280701755,0.7485701608170063
44,18,0.8456140350877193,0.810924856752314,0.8070175438596491,0.7739969166566
44,19,0.8456140350877193,0.810924856752314,0.8105263157894737,0.7706158944441821
44,20,0.8456140350877193,0.810924856752314,0.8,0.7625329036120012
44,21,0.8456140350877193,0.810924856752314,0.8315789473684211,0.8027242455387031
44,22,0.8456140350877193,0.810924856752314,0.7929824561403509,0.750367264817799
44,23,0.8456140350877193,0.810924856752314,0.8175438596491228,0.7785809395894252
44,24,0.8456140350877193,0.810924856752314,0.8105263157894737,0.768008823063901
44,25,0.8456140350877193,0.810924856752314,0.8245614035087719,0.7839064213423387
44,26,0.8456140350877193,0.810924856752314,0.8175438596491228,0.7807967534728995
44,27,0.8456140350877193,0.810924856752314,0.7964912280701755,0.758766583845397
44,28,0.8456140350877193,0.810924856752314,0.8280701754385965,0.8001598312003867
44,29,0.8456140350877193,0.810924856752314,0.8210526315789474,0.784230873664117
44,30,0.8456140350877193,0.810924856752314,0.8350877192982457,0.8010804860487128
44,31,0.8456140350877193,0.810924856752314,0.8210526315789474,0.7934511544223013
44,32,0.8456140350877193,0.810924856752314,0.8350877192982457,0.7987259486977742
44,33,0.8456140350877193,0.810924856752314,0.7929824561403509,0.7543085898882125
44,34,0.8456140350877193,0.810924856752314,0.8385964912280702,0.7982833698030815
44,35,0.8456140350877193,0.810924856752314,0.8210526315789474,0.7828171839553602
44,36,0.8456140350877193,0.810924856752314,0.8070175438596491,0.7680837591011912
44,37,0.8456140350877193,0.810924856752314,0.8070175438596491,0.7672214389169394
44,38,0.8456140350877193,0.810924856752314,0.8350877192982457,0.801919908706993
44,39,0.8456140350877193,0.810924856752314,0.8140350877192982,0.7707682265537833
44,40,0.8456140350877193,0.810924856752314,0.8070175438596491,0.7689809499683857
44,41,0.8456140350877193,0.810924856752314,0.7964912280701755,0.7588982850447396
44,42,0.8456140350877193,0.810924856752314,0.8,0.7613337751785454
44,43,0.8456140350877193,0.810924856752314,0.8035087719298246,0.7615532454570615
44,44,0.8456140350877193,0.810924856752314,0.8140350877192982,0.7774107529054988
44,45,0.8456140350877193,0.810924856752314,0.8,0.7528104683437884
44,46,0.8456140350877193,0.810924856752314,0.8070175438596491,0.7718584317156725
44,47,0.8456140350877193,0.810924856752314,0.8350877192982457,0.8056735949450358
44,48,0.8456140350877193,0.810924856752314,0.8070175438596491,0.7640456924517559
44,49,0.8456140350877193,0.810924856752314,0.8,0.7553916374973292
44,50,0.8456140350877193,0.810924856752314,0.8315789473684211,0.7948667152704011
44,51,0.8456140350877193,0.810924856752314,0.7929824561403509,0.7471561263635783
44,52,0.8456140350877193,0.810924856752314,0.8280701754385965,0.7871995427290098
44,53,0.8456140350877193,0.810924856752314,0.8175438596491228,0.7801058435545645
44,54,0.8456140350877193,0.810924856752314,0.8070175438596491,0.763354972318645
44,55,0.8456140350877193,0.810924856752314,0.8,0.7543942699557289
44,56,0.8456140350877193,0.810924856752314,0.8350877192982457,0.807471684191995
44,57,0.8456140350877193,0.810924856752314,0.8,0.758661338920806
44,58,0.8456140350877193,0.810924856752314,0.8245614035087719,0.7901493879266375
44,59,0.8456140350877193,0.810924856752314,0.7929824561403509,0.7532274335698875
44,60,0.8456140350877193,0.810924856752314,0.8140350877192982,0.7763599224153923
44,61,0.8456140350877193,0.810924856752314,0.8421052631578947,0.8043632586602787
44,62,0.8456140350877193,0.810924856752314,0.8140350877192982,0.7716128908999923
44,63,0.8456140350877193,0.810924856752314,0.8245614035087719,0.7888036728203122
44,64,0.8456140350877193,0.810924856752314,0.8175438596491228,0.7784565450963774
44,65,0.8456140350877193,0.810924856752314,0.7789473684210526,0.7346316793447503
44,66,0.8456140350877193,0.810924856752314,0.8210526315789474,0.7827572869444099
44,67,0.8456140350877193,0.810924856752314,0.7894736842105263,0.747206097926131
44,68,0.8456140350877193,0.810924856752314,0.8280701754385965,0.7933485591548045
44,69,0.8456140350877193,0.810924856752314,0.8070175438596491,0.7640589163822804
44,70,0.8456140350877193,0.810924856752314,0.8315789473684211,0.8004297065540413
44,71,0.8456140350877193,0.810924856752314,0.8210526315789474,0.7847005117134569
44,72,0.8456140350877193,0.810924856752314,0.8105263157894737,0.7698727681427624
44,73,0.8456140350877193,0.810924856752314,0.8070175438596491,0.7743458937206693
44,74,0.8456140350877193,0.810924856752314,0.8070175438596491,0.76774223034063
44,75,0.8456140350877193,0.810924856752314,0.8070175438596491,0.7694817145797069
44,76,0.8456140350877193,0.810924856752314,0.8315789473684211,0.8026914560002796
44,77,0.8456140350877193,0.810924856752314,0.8245614035087719,0.7875987635336709
44,78,0.8456140350877193,0.810924856752314,0.8140350877192982,0.7729259458408706
44,79,0.8456140350877193,0.810924856752314,0.7964912280701755,0.755038377207965
44,80,0.8456140350877193,0.810924856752314,0.8175438596491228,0.7768872970411671
44,81,0.8456140350877193,0.810924856752314,0.8070175438596491,0.7706254807029258
44,82,0.8456140350877193,0.810924856752314,0.8070175438596491,0.7687557554911335
44,83,0.8456140350877193,0.810924856752314,0.8385964912280702,0.8050438061746715
44,84,0.8456140350877193,0.810924856752314,0.7964912280701755,0.749193270138558
44,85,0.8456140350877193,0.810924856752314,0.8,0.7572234911941896
44,86,0.8456140350877193,0.810924856752314,0.8140350877192982,0.7743870148324647
44,87,0.8456140350877193,0.810924856752314,0.8035087719298246,0.768984470479984
44,88,0.8456140350877193,0.810924856752314,0.8070175438596491,0.7681723025837645
44,89,0.8456140350877193,0.810924856752314,0.8105263157894737,0.7693094439116401
44,90,0.8456140350877193,0.810924856752314,0.8105263157894737,0.7684090056051442
44,91,0.8456140350877193,0.810924856752314,0.8105263157894737,0.7695148025524867
44,92,0.8456140350877193,0.810924856752314,0.8210526315789474,0.7838334574381705
44,93,0.8456140350877193,0.810924856752314,0.8140350877192982,0.7673599699443773
44,94,0.8456140350877193,0.810924856752314,0.8315789473684211,0.7962474112995782
44,95,0.8456140350877193,0.810924856752314,0.8,0.7609258983707743
44,96,0.8456140350877193,0.810924856752314,0.8245614035087719,0.7851655198921598
44,97,0.8456140350877193,0.810924856752314,0.8,0.7557810428258207
44,98,0.8456140350877193,0.810924856752314,0.8035087719298246,0.7590504850013955
44,99,0.8456140350877193,0.810924856752314,0.8140350877192982,0.7676049297848079
45,0,0.8666666666666667,0.8284051805659944,0.8280701754385965,0.7867276210379659
45,1,0.8666666666666667,0.8284051805659944,0.8315789473684211,0.7820907039401825
45,2,0.8666666666666667,0.8284051805659944,0.8315789473684211,0.7857835940691891
45,3,0.8666666666666667,0.8284051805659944,0.8245614035087719,0.7757827013115282
45,4,0.8666666666666667,0.8284051805659944,0.8035087719298246,0.7591233229844441
45,5,0.8666666666666667,0.8284051805659944,0.8350877192982457,0.7884620098039216
45,6,0.8666666666666667,0.8284051805659944,0.8350877192982457,0.7925861451036282
45,7,0.8666666666666667,0.8284051805659944,0.8280701754385965,0.7892626354230037
45,8,0.8666666666666667,0.8284051805659944,0.8245614035087719,0.7822450991609804
45,9,0.8666666666666667,0.8284051805659944,0.8280701754385965,0.7734768305598001
45,10,0.8666666666666667,0.8284051805659944,0.8140350877192982,0.7689937132012173
45,11,0.8666666666666667,0.8284051805659944,0.8210526315789474,0.7784496932665037
45,12,0.8666666666666667,0.8284051805659944,0.8175438596491228,0.7676421270792452
45,13,0.8666666666666667,0.8284051805659944,0.8140350877192982,0.7569110843496025
45,14,0.8666666666666667,0.8284051805659944,0.8175438596491228,0.7783356558719724
45,15,0.8666666666666667,0.8284051805659944,0.8140350877192982,0.7644931627402951
45,16,0.8666666666666667,0.8284051805659944,0.8175438596491228,0.7692870080824044
45,17,0.8666666666666667,0.8284051805659944,0.8245614035087719,0.7841924791334196
45,18,0.8666666666666667,0.8284051805659944,0.8210526315789474,0.7826291211321844
45,19,0.8666666666666667,0.8284051805659944,0.8210526315789474,0.7809077477770549
45,20,0.8666666666666667,0.8284051805659944,0.8350877192982457,0.7986299272699511
45,21,0.8666666666666667,0.8284051805659944,0.8315789473684211,0.7828761872643951
45,22,0.8666666666666667,0.8284051805659944,0.8175438596491228,0.7791687319284685
45,23,0.8666666666666667,0.8284051805659944,0.8315789473684211,0.7881266447839879
45,24,0.8666666666666667,0.8284051805659944,0.8421052631578947,0.7950139324277256
45,25,0.8666666666666667,0.8284051805659944,0.8315789473684211,0.78543034256088
45,26,0.8666666666666667,0.8284051805659944,0.8105263157894737,0.7677969683385233
45,27,0.8666666666666667,0.8284051805659944,0.8350877192982457,0.7925151887780406
45,28,0.8666666666666667,0.8284051805659944,0.8245614035087719,0.7776010912334479
45,29,0.8666666666666667,0.8284051805659944,0.8140350877192982,0.7668497820004572
45,30,0.8666666666666667,0.8284051805659944,0.8350877192982457,0.7968752868672484
45,31,0.8666666666666667,0.8284051805659944,0.8280701754385965,0.7941550343792138
45,32,0.8666666666666667,0.8284051805659944,0.8105263157894737,0.7647997472818697
45,33,0.8666666666666667,0.8284051805659944,0.8350877192982457,0.794354473649628
45,34,0.8666666666666667,0.8284051805659944,0.8280701754385965,0.7867250695375428
45,35,0.8666666666666667,0.8284051805659944,0.8210526315789474,0.7769502924573679
45,36,0.8666666666666667,0.8284051805659944,0.8175438596491228,0.7780960816258078
45,37,0.8666666666666667,0.8284051805659944,0.8140350877192982,0.7725744107940173
45,38,0.8666666666666667,0.8284051805659944,0.8350877192982457,0.7841129180597484
45,39,0.8666666666666667,0.8284051805659944,0.8105263157894737,0.7630607160504629
45,40,0.8666666666666667,0.8284051805659944,0.8035087719298246,0.7394769368814389
45,41,0.8666666666666667,0.8284051805659944,0.8280701754385965,0.7782961151945782
45,42,0.8666666666666667,0.8284051805659944,0.8350877192982457,0.8042855652952298
45,43,0.8666666666666667,0.8284051805659944,0.8280701754385965,0.78761856445087
45,44,0.8666666666666667,0.8284051805659944,0.8140350877192982,0.7594720929748582
45,45,0.8666666666666667,0.8284051805659944,0.8385964912280702,0.8027225555073516
45,46,0.8666666666666667,0.8284051805659944,0.8210526315789474,0.77476649850293
45,47,0.8666666666666667,0.8284051805659944,0.8070175438596491,0.7480962683751182
45,48,0.8666666666666667,0.8284051805659944,0.8526315789473684,0.8100258853366838
45,49,0.8666666666666667,0.8284051805659944,0.8315789473684211,0.7994900800721394
45,50,0.8666666666666667,0.8284051805659944,0.8070175438596491,0.7552258019355402
45,51,0.8666666666666667,0.8284051805659944,0.8105263157894737,0.7552006376609157
45,52,0.8666666666666667,0.8284051805659944,0.8491228070175438,0.8132370481149145
45,53,0.8666666666666667,0.8284051805659944,0.8421052631578947,0.7980494161128202
45,54,0.8666666666666667,0.8284051805659944,0.8105263157894737,0.7648582531897739
45,55,0.8666666666666667,0.8284051805659944,0.8385964912280702,0.80239546677845
45,56,0.8666666666666667,0.8284051805659944,0.8105263157894737,0.7618242148768885
45,57,0.8666666666666667,0.8284051805659944,0.8421052631578947,0.7853600193460517
45,58,0.8666666666666667,0.8284051805659944,0.8035087719298246,0.758738469174232
45,59,0.8666666666666667,0.8284051805659944,0.8385964912280702,0.7984133352306682
45,60,0.8666666666666667,0.8284051805659944,0.8421052631578947,0.803369917797235
45,61,0.8666666666666667,0.8284051805659944,0.8105263157894737,0.7623592000360527
45,62,0.8666666666666667,0.8284051805659944,0.8175438596491228,0.7710559446960609
45,63,0.8666666666666667,0.8284051805659944,0.8385964912280702,0.7901425327756029
45,64,0.8666666666666667,0.8284051805659944,0.8210526315789474,0.7834339838681863
45,65,0.8666666666666667,0.8284051805659944,0.8280701754385965,0.7821873839065594
45,66,0.8666666666666667,0.8284051805659944,0.8210526315789474,0.7788086347321744
45,67,0.8666666666666667,0.8284051805659944,0.8245614035087719,0.7791197508281681
45,68,0.8666666666666667,0.8284051805659944,0.8245614035087719,0.7778189140644596
45,69,0.8666666666666667,0.8284051805659944,0.8035087719298246,0.7530314174192168
45,70,0.8666666666666667,0.8284051805659944,0.8105263157894737,0.7649454905805076
45,71,0.8666666666666667,0.8284051805659944,0.8245614035087719,0.781107953918368
45,72,0.8666666666666667,0.8284051805659944,0.8280701754385965,0.7827754450700561
45,73,0.8666666666666667,0.8284051805659944,0.8421052631578947,0.8068283973304533
45,74,0.8666666666666667,0.8284051805659944,0.8421052631578947,0.8002782175469868
45,75,0.8666666666666667,0.8284051805659944,0.8421052631578947,0.8064603997672745
45,76,0.8666666666666667,0.8284051805659944,0.8280701754385965,0.7819814681468034
45,77,0.8666666666666667,0.8284051805659944,0.8280701754385965,0.7912972431856533
45,78,0.8666666666666667,0.8284051805659944,0.8456140350877193,0.8051032339180183
45,79,0.8666666666666667,0.8284051805659944,0.8140350877192982,0.7643442126954485
45,80,0.8666666666666667,0.8284051805659944,0.8210526315789474,0.7814629149856588
45,81,0.8666666666666667,0.8284051805659944,0.8140350877192982,0.7683674282454387
45,82,0.8666666666666667,0.8284051805659944,0.8245614035087719,0.7757273005064305
45,83,0.8666666666666667,0.8284051805659944,0.8245614035087719,0.7847639405811269
45,84,0.8666666666666667,0.8284051805659944,0.8210526315789474,0.7719120873966967
45,85,0.8666666666666667,0.8284051805659944,0.8140350877192982,0.7757848611270275
45,86,0.8666666666666667,0.8284051805659944,0.8456140350877193,0.8084884721344862
45,87,0.8666666666666667,0.8284051805659944,0.8210526315789474,0.763432987514298
45,88,0.8666666666666667,0.8284051805659944,0.8280701754385965,0.7825336557770155
45,89,0.8666666666666667,0.8284051805659944,0.8350877192982457,0.7945493529698262
45,90,0.8666666666666667,0.8284051805659944,0.8280701754385965,0.7896370883829269
45,91,0.8666666666666667,0.8284051805659944,0.8315789473684211,0.7842916219803937
45,92,0.8666666666666667,0.8284051805659944,0.8350877192982457,0.7961218360234776
45,93,0.8666666666666667,0.8284051805659944,0.8456140350877193,0.794099677328844
45,94,0.8666666666666667,0.8284051805659944,0.8245614035087719,0.7757718076281465
45,95,0.8666666666666667,0.8284051805659944,0.8456140350877193,0.8042091536954887
45,96,0.8666666666666667,0.8284051805659944,0.8245614035087719,0.7801492428818377
45,97,0.8666666666666667,0.8284051805659944,0.8280701754385965,0.7795360547410021
45,98,0.8666666666666667,0.8284051805659944,0.8245614035087719,0.7741253391619916
45,99,0.8666666666666667,0.8284051805659944,0.8245614035087719,0.7881575406009254
46,0,0.8526315789473684,0.8142016962227139,0.8140350877192982,0.7704512779638395
46,1,0.8526315789473684,0.8142016962227139,0.8350877192982457,0.798696480346593
46,2,0.8526315789473684,0.8142016962227139,0.856140350877193,0.8224568119779898
46,3,0.8526315789473684,0.8142016962227139,0.8315789473684211,0.7944729404137806
46,4,0.8526315789473684,0.8142016962227139,0.8385964912280702,0.8015042201644904
46,5,0.8526315789473684,0.8142016962227139,0.8245614035087719,0.7923083568351837
46,6,0.8526315789473684,0.8142016962227139,0.8140350877192982,0.7745722708074675
46,7,0.8526315789473684,0.8142016962227139,0.8491228070175438,0.8175419301598126
46,8,0.8526315789473684,0.8142016962227139,0.8526315789473684,0.8183831433838169
46,9,0.8526315789473684,0.8142016962227139,0.8140350877192982,0.7699097210902188
46,10,0.8526315789473684,0.8142016962227139,0.8280701754385965,0.7889351466915374
46,11,0.8526315789473684,0.8142016962227139,0.8245614035087719,0.790538253238523
46,12,0.8526315789473684,0.8142016962227139,0.8350877192982457,0.796877462565193
46,13,0.8526315789473684,0.8142016962227139,0.8421052631578947,0.809071976725205
46,14,0.8526315789473684,0.8142016962227139,0.8315789473684211,0.7997578183413587
46,15,0.8526315789473684,0.8142016962227139,0.8456140350877193,0.8104734488024252
46,16,0.8526315789473684,0.8142016962227139,0.8385964912280702,0.8058679177572549
46,17,0.8526315789473684,0.8142016962227139,0.8491228070175438,0.8083621057600754
46,18,0.8526315789473684,0.8142016962227139,0.8175438596491228,0.7793463360636923
46,19,0.8526315789473684,0.8142016962227139,0.8315789473684211,0.7918948322717837
46,20,0.8526315789473684,0.8142016962227139,0.8421052631578947,0.8074884544721039
46,21,0.8526315789473684,0.8142016962227139,0.8245614035087719,0.7924481298069388
46,22,0.8526315789473684,0.8142016962227139,0.8526315789473684,0.822511112030092
46,23,0.8526315789473684,0.8142016962227139,0.8526315789473684,0.8136270982631109
46,24,0.8526315789473684,0.8142016962227139,0.8350877192982457,0.7920673371508521
46,25,0.8526315789473684,0.8142016962227139,0.8280701754385965,0.7919893585677769
46,26,0.8526315789473684,0.8142016962227139,0.8456140350877193,0.8146513468380583
46,27,0.8526315789473684,0.8142016962227139,0.8280701754385965,0.7903252438725845
46,28,0.8526315789473684,0.8142016962227139,0.8280701754385965,0.7956491039764843
46,29,0.8526315789473684,0.8142016962227139,0.8315789473684211,0.7993988546368607
46,30,0.8526315789473684,0.8142016962227139,0.8631578947368421,0.8361319234642335
46,31,0.8526315789473684,0.8142016962227139,0.8070175438596491,0.7698773752098829
46,32,0.8526315789473684,0.8142016962227139,0.8315789473684211,0.794421433046993
46,33,0.8526315789473684,0.8142016962227139,0.8315789473684211,0.7944835544566775
46,34,0.8526315789473684,0.8142016962227139,0.8350877192982457,0.7908346943292892
46,35,0.8526315789473684,0.8142016962227139,0.8280701754385965,0.7874722674056799
46,36,0.8526315789473684,0.8142016962227139,0.8280701754385965,0.7932923571580234
46,37,0.8526315789473684,0.8142016962227139,0.8350877192982457,0.7972662820783719
46,38,0.8526315789473684,0.8142016962227139,0.8280701754385965,0.7890862462006079
46,39,0.8526315789473684,0.8142016962227139,0.8456140350877193,0.8144941402122021
46,40,0.8526315789473684,0.8142016962227139,0.8350877192982457,0.7971337148710687
46,41,0.8526315789473684,0.8142016962227139,0.8385964912280702,0.7945310187381645
46,42,0.8526315789473684,0.8142016962227139,0.8245614035087719,0.792466660263446
46,43,0.8526315789473684,0.8142016962227139,0.8385964912280702,0.8011033537455439
46,44,0.8526315789473684,0.8142016962227139,0.8210526315789474,0.7797159318774786
46,45,0.8526315789473684,0.8142016962227139,0.8421052631578947,0.8060828575812651
46,46,0.8526315789473684,0.8142016962227139,0.8280701754385965,0.7914006911073563
46,47,0.8526315789473684,0.8142016962227139,0.856140350877193,0.8255979622522192
46,48,0.8526315789473684,0.8142016962227139,0.8175438596491228,0.7739053959472231
46,49,0.8526315789473684,0.8142016962227139,0.8456140350877193,0.813531343340852
46,50,0.8526315789473684,0.8142016962227139,0.8350877192982457,0.7986778656507187
46,51,0.8526315789473684,0.8142016962227139,0.8350877192982457,0.8028724298896475
46,52,0.8526315789473684,0.8142016962227139,0.8526315789473684,0.8221393634472808
46,53,0.8526315789473684,0.8142016962227139,0.8385964912280702,0.8081156232764799
46,54,0.8526315789473684,0.8142016962227139,0.8526315789473684,0.8214015269173244
46,55,0.8526315789473684,0.8142016962227139,0.8385964912280702,0.804561166434524
46,56,0.8526315789473684,0.8142016962227139,0.8280701754385965,0.7919303976338292
46,57,0.8526315789473684,0.8142016962227139,0.8315789473684211,0.7912970945803617
46,58,0.8526315789473684,0.8142016962227139,0.8315789473684211,0.7881582188683534
46,59,0.8526315789473684,0.8142016962227139,0.8421052631578947,0.8040118500157263
46,60,0.8526315789473684,0.8142016962227139,0.8350877192982457,0.7952234825738601
46,61,0.8526315789473684,0.8142016962227139,0.8280701754385965,0.7892541270865739
46,62,0.8526315789473684,0.8142016962227139,0.8,0.7478503518354638
46,63,0.8526315789473684,0.8142016962227139,0.8245614035087719,0.7892560164570015
46,64,0.8526315789473684,0.8142016962227139,0.8210526315789474,0.7787078843212278
46,65,0.8526315789473684,0.8142016962227139,0.8245614035087719,0.7874474422910429
46,66,0.8526315789473684,0.8142016962227139,0.8315789473684211,0.7928457781634068
46,67,0.8526315789473684,0.8142016962227139,0.8280701754385965,0.7868040362664019
46,68,0.8526315789473684,0.8142016962227139,0.8421052631578947,0.8127394538733913
46,69,0.8526315789473684,0.8142016962227139,0.8421052631578947,0.8065191484369931
46,70,0.8526315789473684,0.8142016962227139,0.8280701754385965,0.7928754590987586
46,71,0.8526315789473684,0.8142016962227139,0.8385964912280702,0.8000869338288394
46,72,0.8526315789473684,0.8142016962227139,0.8315789473684211,0.8017464775995321
46,73,0.8526315789473684,0.8142016962227139,0.8210526315789474,0.7843684454931655
46,74,0.8526315789473684,0.8142016962227139,0.8315789473684211,0.7982019926080501
46,75,0.8526315789473684,0.8142016962227139,0.8245614035087719,0.785753720887992
46,76,0.8526315789473684,0.8142016962227139,0.8526315789473684,0.8253342483493893
46,77,0.8526315789473684,0.8142016962227139,0.8491228070175438,0.8190883043983319
46,78,0.8526315789473684,0.8142016962227139,0.8175438596491228,0.7783525495441601
46,79,0.8526315789473684,0.8142016962227139,0.8315789473684211,0.7912328299370858
46,80,0.8526315789473684,0.8142016962227139,0.856140350877193,0.8217137680183004
46,81,0.8526315789473684,0.8142016962227139,0.8245614035087719,0.7847234008386317
46,82,0.8526315789473684,0.8142016962227139,0.8421052631578947,0.8089805186009356
46,83,0.8526315789473684,0.8142016962227139,0.8175438596491228,0.7818864948406559
46,84,0.8526315789473684,0.8142016962227139,0.8350877192982457,0.7957226276553453
46,85,0.8526315789473684,0.8142016962227139,0.8245614035087719,0.7826728464583864
46,86,0.8526315789473684,0.8142016962227139,0.8350877192982457,0.7998266782957626
46,87,0.8526315789473684,0.8142016962227139,0.8315789473684211,0.7909548038510217
46,88,0.8526315789473684,0.8142016962227139,0.8245614035087719,0.7938116841935074
46,89,0.8526315789473684,0.8142016962227139,0.8280701754385965,0.783892084002622
46,90,0.8526315789473684,0.8142016962227139,0.8385964912280702,0.8054401385965047
46,91,0.8526315789473684,0.8142016962227139,0.8421052631578947,0.8103795083323341
46,92,0.8526315789473684,0.8142016962227139,0.8245614035087719,0.7853178988443338
46,93,0.8526315789473684,0.8142016962227139,0.8350877192982457,0.7961830904198217
46,94,0.8526315789473684,0.8142016962227139,0.8315789473684211,0.7930845226897858
46,95,0.8526315789473684,0.8142016962227139,0.8385964912280702,0.8031227532216456
46,96,0.8526315789473684,0.8142016962227139,0.8280701754385965,0.7890988332564419
46,97,0.8526315789473684,0.8142016962227139,0.8280701754385965,0.7929260600955623
46,98,0.8526315789473684,0.8142016962227139,0.8385964912280702,0.8100946694010839
46,99,0.8526315789473684,0.8142016962227139,0.8385964912280702,0.8022670842870281
